;Name;Stars;From_Centre;From_Beach;Reviews;Rating;Comfort;Img;Price
0;Hotel Santa Faz;2.0;0.2;0.1;355.0;8.1;;"https://cf.bstatic.com/xdata/images/hotel/square600/320475458.jpg?k=f6fa47eac72d6e12e7cedde2be12808a4ed08d69ea3802a6be99b8c23a52f15f&amp;o=";1147.0
1;Apartamentos El Castell;;0.3;0.05;211.0;8.1;;"https://cf.bstatic.com/xdata/images/hotel/square600/84124104.jpg?k=4e84a0849d1a08de0885ad98afd3f1b144f3296a2f48d1a95da85c1c30d618d2&amp;o=";1254.0
2;HR PARADISE RESIDENCIAL LOIX;;2.3;0.8;10.0;9.9;9.8;"https://cf.bstatic.com/xdata/images/hotel/square600/273146343.jpg?k=0828a3c6aa9d6af6fd98a5edf55e3ec11dae66423319a849b3876b56bd670d38&amp;o=";1960.0
3;Ambassador Playa I;4.0;1.8;0.25;557.0;8.6;8.4;"https://cf.bstatic.com/xdata/images/hotel/square600/288827243.jpg?k=a54b0b24c8f22aa8a122c04adf9c21469b41a9f8ac8ef4abb054c72136a337b8&amp;o=";1992.0
4;Apartamentos Oasis Benidorm;;2.1;0.15;1574.0;8.4;8.3;"https://cf.bstatic.com/xdata/images/hotel/square600/116400078.jpg?k=99892fdd495aa616ad6d16bfd7032b6e2bd5c45a60b9b109a5562fd542534104&amp;o=";1680.0
5;La Estación;4.0;1.6;1.6;4370.0;7.9;8.1;"https://cf.bstatic.com/xdata/images/hotel/square600/275119570.jpg?k=48496704aea8dc40ee6b5feb8781904ee2dff497e8392b5df82df9ec4321ee61&amp;o=";1856.0
6;Ambassador Playa II;4.0;1.8;0.25;141.0;8.3;8.6;"https://cf.bstatic.com/xdata/images/hotel/square600/288985097.jpg?k=cd42a328c3d6e456c23024d23be10c018dee522e5d4d0eef4f953b5ea58c74fe&amp;o=";1992.0
7;Port Fiesta Park;3.0;0.6;0.5;2702.0;7.3;;"https://cf.bstatic.com/xdata/images/hotel/square600/310396895.jpg?k=8c5e7a424060a4291e4820115162e394b3c85a88a689e5710ab2ff61c2390b52&amp;o=";1222.0
8;Riviera Beachotel - Adults Only;4.0;1.9;0.35;425.0;9.3;9.4;"https://cf.bstatic.com/xdata/images/hotel/square600/93524655.jpg?k=b9d1bc4bd2201ab4c8d2fe2e3b34697c0cf0fd15446af6387ce6361f1ee33336&amp;o=";2100.0
9;Hotel Boutique Centro BBB;2.0;0.3;0.25;1539.0;6.7;;"https://cf.bstatic.com/xdata/images/hotel/square600/148618644.jpg?k=428f8bb7e171b2adc702e8bc2cae8b9d734a907b0cb2f6ae3d49521d878c3b0e&amp;o=";630000.0
10;Helios Benidorm;3.0;1.7;0.45;4212.0;9.1;9.3;"https://cf.bstatic.com/xdata/images/hotel/square600/317345597.jpg?k=abd987a23c91f49ae62a9ca3db8f9a2446ab17f58189f3d71d5685212f500f3f&amp;o=";1984.0
11;Hotel Presidente;4.0;1.6;0.35;1397.0;9.2;9.5;"https://cf.bstatic.com/xdata/images/hotel/square600/156096939.jpg?k=705ddf3d780cb3c003cd0a67b045040980b6409344e11ae6b8fd6f7cdfa788d7&amp;o=";1953.0
12;Hostal Boutique Benidorm Blue Beach;;0.2;0.3;1524.0;6.1;;"https://cf.bstatic.com/xdata/images/hotel/square600/104764379.jpg?k=ee62828346ac33a36b698be5fac4538c0b16edddfbc409bcf7b311aa1734c4f9&amp;o=";770000.0
13;Hotel BCL Levante Club & Spa;4.0;2.6;1.0;1034.0;8.5;8.9;"https://cf.bstatic.com/xdata/images/hotel/square600/311405262.jpg?k=cba14140934b8c31c1548f733d231f62f517bb2e5bc266c89858ab0d313a443b&amp;o=";2748.0
14;Sandos Benidorm Suites;4.0;1.6;0.95;847.0;8.6;8.9;"https://cf.bstatic.com/xdata/images/hotel/square600/212048760.jpg?k=6b7e5c050fb8624b75fa33431108715d357920b38d7ffad1a450378a7da2d595&amp;o=";2216.0
15;Aparthotel BCL Levante Club;3.0;2.4;;1686.0;8.2;8.2;"https://cf.bstatic.com/xdata/images/hotel/square600/289601822.jpg?k=7534784db411664de5d575b3ed02ab7da3a8c1ecfac65443671a13192a1893d7&amp;o=";1762.0
16;Medplaya Hotel Rio Park;4.0;1.4;0.6;1911.0;8.2;8.5;"https://cf.bstatic.com/xdata/images/hotel/square600/206260463.jpg?k=159d31f70b8928ccc11e15defb1a54fd428fd5e30a542e8bfe1fc6a17420a944&amp;o=";2520.0
17;One Apartments By Mc – Edf. Trébol;;1.6;0.3;361.0;7.8;;"https://cf.bstatic.com/xdata/images/hotel/square600/310344859.jpg?k=bcc9be3bca1a6a03b2a6475bae1cc7afdef7be5309a96cadaf920501b197401f&amp;o=";1323.0
18;Medplaya Hotel Riudor - Adults Only;3.0;1.9;0.2;1332.0;8.1;8.5;"https://cf.bstatic.com/xdata/images/hotel/square600/33387407.jpg?k=dbe46654ee1f5c1a6ec43e27e96ddaa835023035a556eb540bc38bf429e80cb4&amp;o=";2212.0
19;Poseidon Resort;3.0;0.8;0.35;2557.0;7.7;;"https://cf.bstatic.com/xdata/images/hotel/square600/275119619.jpg?k=d56539fb590c56207148a1e8cfc15f819bcc1003aa374cb7ba41227c48107c9e&amp;o=";2147.0
20;Apartamentos Maryciel By Mc;;1.2;0.35;1260.0;9.0;9.0;"https://cf.bstatic.com/xdata/images/hotel/square600/211016747.jpg?k=9cf76e74dc19d2382f75f34ec6a406021c583827eb40477fd9a397b8a75ada70&amp;o=";1584.0
21;Apartamentos Queens By Mc;;0.2;0.1;294.0;8.3;8.1;"https://cf.bstatic.com/xdata/images/hotel/square600/92452585.jpg?k=39576569a099c6febd5542053e966e35ef640d3b86bd64abdc9826636636fb39&amp;o=";1512.0
22;Sandos Monaco - Adults Only;4.0;1.0;0.45;1174.0;8.8;9.0;"https://cf.bstatic.com/xdata/images/hotel/square600/120296121.jpg?k=8efae7267373482e0b35aef63e74e0fb4b92ddf3bdfbb861144d360ba336d34e&amp;o=";2760.0
23;Hotel Queens - Adults Only By Mc;2.0;0.2;0.1;1039.0;8.0;;"https://cf.bstatic.com/xdata/images/hotel/square600/63505434.jpg?k=451a65f9323c6d560c4f1e0f10733075fe450f01cb5915907131352800875f25&amp;o=";1386.0
24;Apartamentos Buenos Aires By Mc;;2.3;0.35;1103.0;8.4;8.3;"https://cf.bstatic.com/xdata/images/hotel/square600/38556679.jpg?k=6db118389e9c7cc2a7629417a970dc06377432a61ab10b726495d4afda3eee1a&amp;o=";1953.0
25;Gemelos 26 16A;;1.8;0.4;43.0;8.9;9.0;"https://cf.bstatic.com/xdata/images/hotel/square600/152875994.jpg?k=62bc07f0d8b4e5418c7e919c453415584ef3eb5ad8440025d87a8bd68e79fe1e&amp;o=";2369.0
26;Apartment Carmentxu Gemelos 26;;1.8;;24.0;8.7;8.5;"https://cf.bstatic.com/xdata/images/hotel/square600/44419592.jpg?k=8bee3f4a9735c3ccacd058ba630037bc62e2b549302d0cfa5498c3208d6696df&amp;o=";2290.0
27;LOS CABALLOS PREMIUM Levante Beach;;1.3;;66.0;9.4;9.3;"https://cf.bstatic.com/xdata/images/hotel/square600/205539696.jpg?k=9b65c16ce3ad517edf7552ea682a72f75454c7d886378564bd2a9cfb2ab5feb6&amp;o=";3063.0
28;FANTÁSTICO ÁTICO con ENORME TERRAZA y CHILL OUT;;2.8;0.45;11.0;9.5;9.1;"https://cf.bstatic.com/xdata/images/hotel/square600/239376173.jpg?k=6afbdc857de8af54ed9418656a848ce414d18cd0be13812ca63482092013c2ee&amp;o=";3191.0
29;Apartamentos Queens By Mc;;0.2;0.1;294.0;8.3;8.1;"https://cf.bstatic.com/xdata/images/hotel/square600/92452585.jpg?k=39576569a099c6febd5542053e966e35ef640d3b86bd64abdc9826636636fb39&amp;o=";1512.0
30;APLUS Apartamentos, Old Town Benidorm;;0.2;0.25;11.0;9.4;9.3;"https://cf.bstatic.com/xdata/images/hotel/square600/120839434.jpg?k=b9df958ca4cbd4115e7e9bc95a49a194707f32f52edba800e300021da9cfb684&amp;o=";5316.0
31;Junto PLAYA, Gemelos 23 con 2 baños Excelente opcion;;1.3;;56.0;9.5;9.5;"https://cf.bstatic.com/xdata/images/hotel/square600/136465722.jpg?k=c3bcd88a1422283fdcd267dc3b603bb368ba425a0fc39dd9180b40dc84b213af&amp;o=";2740.0
32;DUPLEX PUERTO San vicente;;0.1;0.05;21.0;7.7;;"https://cf.bstatic.com/xdata/images/hotel/square600/206458558.jpg?k=1cd97529e77c6718bcc88bb381083009f09683508c647f730e334227253ec7eb&amp;o=";2211.0
33;Apartamento Ibañez;4.0;1.6;;45.0;9.9;9.9;"https://cf.bstatic.com/xdata/images/hotel/square600/114531556.jpg?k=83f4adcc52bf246ba4e7d5c191f39bf9325eeb0a5332997eb4a2d63055b36a80&amp;o=";4080.0
34;La Mamma Mía;4.0;2.0;;68.0;9.9;10.0;"https://cf.bstatic.com/xdata/images/hotel/square600/248181342.jpg?k=df4e834dfdbb3ddc565c6d3b45ead03c6b3893adaccb790b7660172c82e6270b&amp;o=";3840.0
35;Apartamentos Buenos Aires By Mc;;2.3;0.35;1103.0;8.4;8.3;"https://cf.bstatic.com/xdata/images/hotel/square600/38556679.jpg?k=6db118389e9c7cc2a7629417a970dc06377432a61ab10b726495d4afda3eee1a&amp;o=";1953.0
36;Apartment 1 bedroom, 90m Levante Beach;;2.3;;6.0;8.4;;"https://cf.bstatic.com/xdata/images/hotel/square600/134310399.jpg?k=ec89756487136daaf6a0913d3dd7f03353c3bae0232f0a8c7376f90ecb0ad1bc&amp;o=";1290.0
37;Gemelos 2 21-B;;1.4;0.45;30.0;7.9;8.7;"https://cf.bstatic.com/xdata/images/hotel/square600/197876251.jpg?k=40ec87b7336514f1f278abad9df17a2f620e7d5369025a91b47a755d45475e7d&amp;o=";2354.0
38;Trinisol II;;2.3;;24.0;8.5;8.7;"https://cf.bstatic.com/xdata/images/hotel/square600/152873669.jpg?k=75b4b26407e424679a308bf624d9ded706db6bd227ef355f3ae9e76bc9f92b37&amp;o=";2501.0
39;Vacanza Complex;;2.7;0.65;102.0;8.5;8.4;"https://cf.bstatic.com/xdata/images/hotel/square600/113969684.jpg?k=addcce5f70474c3aef4a82e3ad20f01d68708528d59cf93d38f1ac884e0c14d6&amp;o=";2086.0
40;Apartamentos Michel Angelo Benidorm;;0.6;0.55;957.0;8.5;8.4;"https://cf.bstatic.com/xdata/images/hotel/square600/42098152.jpg?k=f38b8162538a11c0822af394aaa1c3ff06ecfcca0173b3f876633d07a29dff2b&amp;o=";1680.0
41;Apartamentos Paraiso 10;;1.6;0.8;74.0;8.6;8.5;"https://cf.bstatic.com/xdata/images/hotel/square600/16280565.jpg?k=2329b5772fd24f2ba45222ebc5bc62869bb7911701e57bf599df8945abeb61c0&amp;o=";1519.0
42;Don Miguel II Apartments;;2.4;;36.0;8.9;8.8;"https://cf.bstatic.com/xdata/images/hotel/square600/193412156.jpg?k=c816728cc1a7d0a37a431b6f3bc9ce10a6e24af938c9cfe32d84d716da5a777f&amp;o=";2276.0
43;Tropic Mar;;2.4;;63.0;8.1;;"https://cf.bstatic.com/xdata/images/hotel/square600/290665586.jpg?k=cc376d271836c081d55bf5c4b63275643640f72d678255a6aaca4f70dd94b6dd&amp;o=";2104.0
44;GEMELOS 26 APARTMENTS - Benidormland;;1.8;0.4;283.0;9.3;9.2;"https://cf.bstatic.com/xdata/images/hotel/square600/126794462.jpg?k=e7aa1654af81bdad26b256deed779c4a0976c1f68767328da2625840b5e541a3&amp;o=";2240.0
45;Torre Lugano Sea Views (Floor 28th);;2.9;0.7;8.0;9.7;10.0;"https://cf.bstatic.com/xdata/images/hotel/square600/222509162.jpg?k=2abb5a004948a71ea655c5d7f5706f1f7df4b65da7d45665e93caafc0ed3c18c&amp;o=";2100.0
46;New Payma Benidorm;;1.7;0.3;31.0;8.5;8.6;"https://cf.bstatic.com/xdata/images/hotel/square600/304212666.jpg?k=7b4505f1d115f4225911fba773690f2fcc75367ef8858dc8dec08b8518f800bc&amp;o=";1950.0
47;LOS RANCHOS PREMIUM Levante Beach;;1.3;;20.0;9.1;8.9;"https://cf.bstatic.com/xdata/images/hotel/square600/279585511.jpg?k=4d1ed85e9ad44cecb5090ab357692149dd2644c85c03b988f6204ffe2bb87f80&amp;o=";2461.0
48;Apartamento Turistico Loyola;;0.2;0.3;22.0;9.6;9.6;"https://cf.bstatic.com/xdata/images/hotel/square600/98784523.jpg?k=35dd7618f798920a1fd4576dec331c640445d83fdb69edaed80db8b42012b59b&amp;o=";2580.0
49;SAN ANGELO Levante beach apartments;;2.3;0.45;23.0;8.1;8.6;"https://cf.bstatic.com/xdata/images/hotel/square600/275185341.jpg?k=d640053fbdbb16187468a87a8ea0e334996c4530014fb6c033918d60da9f4b98&amp;o=";2396.0
50;Vera Cruz - Fincas Benidorm;;1.7;;160.0;7.6;;"https://cf.bstatic.com/xdata/images/hotel/square600/313168865.jpg?k=9726fff2b12e5785cd59088a57fdc6bc6f3089b34473729bcb8158cb3622a4e5&amp;o=";2417.0
51;Magic Cristal Park;3.0;0.4;0.45;1258.0;7.6;;"https://cf.bstatic.com/xdata/images/hotel/square600/269245032.jpg?k=f5ca6aec9a44cac20c961cf85544a504f03bd5c42f6e1a6a3e11475ee09d8c90&amp;o=";2309.0
52;Tropic Mar;;2.4;;63.0;8.1;;"https://cf.bstatic.com/xdata/images/hotel/square600/290665586.jpg?k=cc376d271836c081d55bf5c4b63275643640f72d678255a6aaca4f70dd94b6dd&amp;o=";2104.0
53;Arena y Sol;;1.4;0.15;57.0;8.7;8.5;"https://cf.bstatic.com/xdata/images/hotel/square600/308653741.jpg?k=4bd83a196fc70ce1cac73ceb6e645032a88e09f55099075716d9c605fc79c762&amp;o=";1960.0
54;Apartamentos El Castell;;0.3;0.05;211.0;8.1;;"https://cf.bstatic.com/xdata/images/hotel/square600/84124104.jpg?k=4e84a0849d1a08de0885ad98afd3f1b144f3296a2f48d1a95da85c1c30d618d2&amp;o=";1254.0
55;La Calita;;2.9;0.1;14.0;9.5;9.6;"https://cf.bstatic.com/xdata/images/hotel/square600/136897969.jpg?k=d2ebeab2403ce42bb06b13856e788955decf5eb9f7b69960a4ef79cdbbd3fd75&amp;o=";3500.0
56;Gemelos 20 - Beninter;;1.2;0.45;168.0;8.2;8.2;"https://cf.bstatic.com/xdata/images/hotel/square600/17862258.jpg?k=8a252f4da16000fc56a202d9121a276f69a352673fd55e2170fdaf8de044a6a3&amp;o=";1512.0
57;Now Benidorm;;2.5;0.4;126.0;8.1;;"https://cf.bstatic.com/xdata/images/hotel/square600/216247644.jpg?k=60bd871f261dc157ff0cabce1b00aa0270327fa86376fede76505304c3994b31&amp;o=";1220.0
58;Hotel RH Sol;3.0;0.3;0.05;232.0;8.3;8.0;"https://cf.bstatic.com/xdata/images/hotel/square600/259388453.jpg?k=70ae74c2d8cec1537586df8b0bd2a51191c01f9c942e0058f3d7a2efc6a33270&amp;o=";1865.0
59;Dynastic;4.0;2.3;0.55;637.0;7.2;;"https://cf.bstatic.com/xdata/images/hotel/square600/322577464.jpg?k=8937eafc72aa99b7f636b6f340c066997ff02365b3eebeda65a7e2e01e92bfa2&amp;o=";1691.0
60;apartament bermudas;;2.4;0.45;23.0;8.2;8.0;"https://cf.bstatic.com/xdata/images/hotel/square600/290107843.jpg?k=4ba78a52cd7e8bb08eb90ff1e8bbdf5253e9e6d504843fbf8fbe93534adc26e0&amp;o=";1176.0
61;Ducado of the Sea;;1.8;;120.0;8.5;8.2;"https://cf.bstatic.com/xdata/images/hotel/square600/173080572.jpg?k=42ec7ef55cb3f2f32d1586c588b47cb49e2efaf5c16403b8938dd47e3b867159&amp;o=";1790.0
62;Apartamentos Las Carabelas;;2.3;;414.0;8.0;;"https://cf.bstatic.com/xdata/images/hotel/square600/14044458.jpg?k=1008eee9584ac70bafa21e07128d835a04112a8737d2f0e47cd58eea7f0fc393&amp;o=";1526.0
63;Virginia of the sea;;2.2;;92.0;8.5;8.4;"https://cf.bstatic.com/xdata/images/hotel/square600/172950686.jpg?k=fb032ce561b7d9df2aaa78c080157be9fca10b73b2ebf3b2db246ab7aad3d3c3&amp;o=";1790.0
64;Sunset Drive 2-4;;1.9;0.1;;;;"https://cf.bstatic.com/xdata/images/hotel/square600/321087026.jpg?k=0fd4c9921d210a654e8502375b9a625f40b094b32e62a8f95fc2ce4f40c78874&amp;o=";3807.0
65;Prince Park;3.0;0.8;0.8;2380.0;8.0;8.2;"https://cf.bstatic.com/xdata/images/hotel/square600/320491667.jpg?k=9e40f8f69cc9c7cade116c47503b8d4cb473402c3971b3e6df1d77c15143934c&amp;o=";2415.0
66;SAN ANGELO Levante beach apartments;;2.3;0.45;23.0;8.1;8.6;"https://cf.bstatic.com/xdata/images/hotel/square600/275185341.jpg?k=d640053fbdbb16187468a87a8ea0e334996c4530014fb6c033918d60da9f4b98&amp;o=";2396.0
67;Apartamento AGUA MARINA Levante Beach;;1.6;;38.0;9.4;9.8;"https://cf.bstatic.com/xdata/images/hotel/square600/192019883.jpg?k=27e270175b80062a951bd4d49471ee305635d36734825fefc141b8bf3deea9b2&amp;o=";2525.0
68;Hotel Brasil;3.0;0.4;0.3;819.0;8.4;8.5;"https://cf.bstatic.com/xdata/images/hotel/square600/268658511.jpg?k=9b91e5b6a33a2627548916e2116a0536e3cda959e1273dcbd0cba5913716ef92&amp;o=";14656.0
69;Aparthotel BCL Levante Lux;3.0;2.5;0.55;327.0;8.4;8.7;"https://cf.bstatic.com/xdata/images/hotel/square600/305183372.jpg?k=5766cadd5b14e477e9672c8d0e2b2d7c496dd67c8cfd3e4126e7eb8b7e957068&amp;o=";2666.0
70;Estudios RH Sol;;0.3;0.05;97.0;8.1;;"https://cf.bstatic.com/xdata/images/hotel/square600/259395198.jpg?k=5d4b21f2a0def49174b893c36e00208299e673711ee20947f5ae27049eb8b31e&amp;o=";1756.0
71;aire de pino;;2.8;0.15;6.0;6.7;8.3;"https://cf.bstatic.com/xdata/images/hotel/square600/319349779.jpg?k=0932b8ccd95e64944c5e55d37474cf01cc2f64b112cc508b9335d2ae30f8307a&amp;o=";966000.0
72;Aparthotel BCL Levante Beach;;2.4;0.3;175.0;8.8;9.2;"https://cf.bstatic.com/xdata/images/hotel/square600/134323040.jpg?k=7952ac335e5b464aacfd8a84acacecadf57da00690794ca96b4cc0ddde047188&amp;o=";2025.9999999999998
73;Bermudas 313;;2.4;0.45;32.0;7.7;;"https://cf.bstatic.com/xdata/images/hotel/square600/153404968.jpg?k=c741c0e8aa02b0e0c68a5b9cffa48c06f58885750d36b0efc35f68aa18168d39&amp;o=";1388.0
74;Hotel Alameda;3.0;0.2;;952.0;8.7;8.7;"https://cf.bstatic.com/xdata/images/hotel/square600/268997413.jpg?k=4e15c55db687218e67d69a3864098674ba2e46c9feb061e6b9e45c23af0e522e&amp;o=";1974.0
75;Magic Aqua Rock Gardens;4.0;2.5;0.25;831.0;7.8;;"https://cf.bstatic.com/xdata/images/hotel/square600/269246832.jpg?k=065818c3ba3c5a3531181689b025f5cc8a0969f959dc85876bcd8b866aab5ba3&amp;o=";3726.0
76;Versailles 2-9;;2.4;0.5;5.0;7.8;9.0;"https://cf.bstatic.com/xdata/images/hotel/square600/258755913.jpg?k=80c83ed6dac0755c6a33b07523f1cc70c4f5655b1c98b6d81075059fd2c8fa8b&amp;o=";1139.0
77;Piscis Of The Sea Benidorm;;2.3;;110.0;8.6;8.1;"https://cf.bstatic.com/xdata/images/hotel/square600/173080755.jpg?k=bac5ee538ce408cb29cea1f83c07b28d43afc861e05fb7a2089d01ee59818676&amp;o=";1790.0
78;Hotel Villa del Mar;4.0;0.5;;1046.0;8.7;8.8;"https://cf.bstatic.com/xdata/images/hotel/square600/277878236.jpg?k=7ca13b9c587eb4dd55a79a07eb764e4636705d8ab8c9b8cf25167a5fb943b9af&amp;o=";3167.0
79;Hotel Alameda;3.0;0.2;;952.0;8.7;8.7;"https://cf.bstatic.com/xdata/images/hotel/square600/268997413.jpg?k=4e15c55db687218e67d69a3864098674ba2e46c9feb061e6b9e45c23af0e522e&amp;o=";1974.0
80;Apartamentos Buenos Aires By Mc;;2.3;0.35;1103.0;8.4;8.3;"https://cf.bstatic.com/xdata/images/hotel/square600/38556679.jpg?k=6db118389e9c7cc2a7629417a970dc06377432a61ab10b726495d4afda3eee1a&amp;o=";1953.0
81;Magic Aqua Rock Gardens;4.0;2.5;0.25;831.0;7.8;;"https://cf.bstatic.com/xdata/images/hotel/square600/269246832.jpg?k=065818c3ba3c5a3531181689b025f5cc8a0969f959dc85876bcd8b866aab5ba3&amp;o=";3726.0
82;Versailles 2-9;;2.4;0.5;5.0;7.8;9.0;"https://cf.bstatic.com/xdata/images/hotel/square600/258755913.jpg?k=80c83ed6dac0755c6a33b07523f1cc70c4f5655b1c98b6d81075059fd2c8fa8b&amp;o=";1139.0
83;Apartamentos Las Carabelas;;2.3;;414.0;8.0;;"https://cf.bstatic.com/xdata/images/hotel/square600/14044458.jpg?k=1008eee9584ac70bafa21e07128d835a04112a8737d2f0e47cd58eea7f0fc393&amp;o=";1526.0
84;Tropic Mar 2H;;2.4;;37.0;7.9;;"https://cf.bstatic.com/xdata/images/hotel/square600/290665693.jpg?k=ffb896f77cc6fbcf964f958d0754b4973a275d52362b1e79f7d337030863e621&amp;o=";2321.0
85;Piscis Of The Sea Benidorm;;2.3;;110.0;8.6;8.1;"https://cf.bstatic.com/xdata/images/hotel/square600/173080755.jpg?k=bac5ee538ce408cb29cea1f83c07b28d43afc861e05fb7a2089d01ee59818676&amp;o=";1790.0
86;Hotel Villa del Mar;4.0;0.5;;1046.0;8.7;8.8;"https://cf.bstatic.com/xdata/images/hotel/square600/277878236.jpg?k=7ca13b9c587eb4dd55a79a07eb764e4636705d8ab8c9b8cf25167a5fb943b9af&amp;o=";3167.0
87;Coblanca 7;;2.0;;37.0;7.5;;"https://cf.bstatic.com/xdata/images/hotel/square600/152871834.jpg?k=2ef8e523f7eb33a72e74601fd80cd7be214aae990202247451b1ffacedd2d989&amp;o=";2148.0
88;Hotel Avenida;4.0;0.4;0.15;116.0;7.9;8.0;"https://cf.bstatic.com/xdata/images/hotel/square600/63646484.jpg?k=8f4fa64515495fa927dc3a8fd37460681485852ef594dfd3842041b9c4cad9e7&amp;o=";2370.0
89;Apartamentos La Gloria;;0.2;0.15;44.0;9.4;9.7;"https://cf.bstatic.com/xdata/images/hotel/square600/173420028.jpg?k=5ef88d0aa9dd25fe1b4fd151765563dc607348c32bbdc3d7db97341fd8f7d31d&amp;o=";1890.0
90;Las Palmeras 10A;;0.9;;142.0;9.2;9.1;"https://cf.bstatic.com/xdata/images/hotel/square600/152569611.jpg?k=f9c372c7de1e67cfc98e9e48d08666a665103deaa96f5845e3c76f873e30809e&amp;o=";3209.0
91;Apartamento Beni-Marconi;;0.5;;32.0;9.1;9.2;"https://cf.bstatic.com/xdata/images/hotel/square600/243016326.jpg?k=db80d823bcca09b319d121e83308d7e6da33ab6fdf9f33226cf06f226b8d4b14&amp;o=";2754.0
92;48 BENIDORM;;2.2;0.25;98.0;8.9;8.8;"https://cf.bstatic.com/xdata/images/hotel/square600/172954089.jpg?k=bed9b41b59038edc9a32a01bfe9d2d85047a388f162a28fa776f4dd3248c496b&amp;o=";1790.0
93;Gran Park Benidorm;;2.8;0.75;128.0;8.6;8.4;"https://cf.bstatic.com/xdata/images/hotel/square600/147055306.jpg?k=aee1d12a4614d69263952ccdd3fd23b3913531cb74c4d6a825f5dc9dd54d7ae4&amp;o=";1860.0
94;Flamingo Beach Resort - Adults Only;4.0;1.5;0.85;577.0;8.8;9.0;"https://cf.bstatic.com/xdata/images/hotel/square600/45597963.jpg?k=21dd2aac91fdbbb187cc4b246e421dadcc0582a791b54fa63eb792e892686ab4&amp;o=";2440.0
95;SAN PEDRO ll Centro Beach;;0.1;;37.0;8.7;8.5;"https://cf.bstatic.com/xdata/images/hotel/square600/206430167.jpg?k=4528f8d890687634d8e4b5d22de730e0b9bb324b58306de062cc0f39150838c2&amp;o=";3786.0
96;Gemelos 2 18-E;;1.3;0.45;4.0;7.8;;"https://cf.bstatic.com/xdata/images/hotel/square600/305706254.jpg?k=2c1c746dbe231e9adb2577a66a041bf4e81c1ba4972ab5b67c2e6f07f70461cc&amp;o=";1164.0
97;Don Miguel Deluxe 22-A;;2.2;;26.0;9.4;9.9;"https://cf.bstatic.com/xdata/images/hotel/square600/215543083.jpg?k=92858a6cbdd582ced3d2de75ca38b7c56b22a385cea78550be5010c19ffaf10b&amp;o=";4669.0
98;Milán Soria luxury;;2.6;;13.0;9.3;9.4;"https://cf.bstatic.com/xdata/images/hotel/square600/265160554.jpg?k=cc811674011d417f9baa3aec1f8de536ba79795f3bfdffe35b03834ea24924a4&amp;o=";1540.0
99;Donna II 7-32;;0.7;0.3;27.0;6.9;;"https://cf.bstatic.com/xdata/images/hotel/square600/152881720.jpg?k=321ae9bf13b473cd37d8639864c247a35425bc48fece55575f2551a4e13e149f&amp;o=";2077.0
100;Sant Lorenzo Suite;;0.2;;11.0;8.4;8.9;"https://cf.bstatic.com/xdata/images/hotel/square600/237423669.jpg?k=49e93003c94a3610343243b569f39dd736fc97f43155a40d27079e37999dd4f4&amp;o=";1794.0
101;Magic Natura Resort;4.0;3.7;;528.0;8.1;8.3;"https://cf.bstatic.com/xdata/images/hotel/square600/72725496.jpg?k=a3e27a99c17849102cc4e93afd9f74a75a016e1e206b1c8e7f8b72b084f92262&amp;o=";4595.0
102;Apartamento Santonja a 300 metros de la playa;;0.2;0.25;9.0;9.0;9.2;"https://cf.bstatic.com/xdata/images/hotel/square600/271507378.jpg?k=74615da08c7cce7a0479bc9a1893bab76ba1b714986230945e8cfada1c9e7b47&amp;o=";1820.0
103;APARTAMENTO REFORMADO A 50 METROS DE LA PLAYA;;0.1;0.05;;;;"https://cf.bstatic.com/xdata/images/hotel/square600/319010463.jpg?k=9310ccfe9240c8519605ffcd1b785323dd7d3364fe99f313ebd6a7afaa92ca60&amp;o=";1285.0
104;Carabelas II 6-2;;2.3;;31.0;8.3;8.1;"https://cf.bstatic.com/xdata/images/hotel/square600/152885043.jpg?k=55c96f39f5c4879a7882b6ac1c841672b5d5dc439737a1420758a48a8ddc15b1&amp;o=";1421.0
105;Una Villa que mira el mediterraneo;;3.2;0.6;18.0;8.4;8.1;"https://cf.bstatic.com/xdata/images/hotel/square600/270445186.jpg?k=aebcb837ea927cb62109cc365a397cf7aa2214f08479affaed42c5a98913c13a&amp;o=";13028.0
106;Ducado playa Benidorm;;1.8;;8.0;8.7;8.8;"https://cf.bstatic.com/xdata/images/hotel/square600/305006462.jpg?k=9a14bc1a2aeef6d43fd4e2f0e66004310da7854b3815d1c0dd53217cbc2cf797&amp;o=";2070.0
107;Donna II 7-32;;0.7;0.3;27.0;6.9;;"https://cf.bstatic.com/xdata/images/hotel/square600/152881720.jpg?k=321ae9bf13b473cd37d8639864c247a35425bc48fece55575f2551a4e13e149f&amp;o=";2077.0
108;El Rincón Playero de María;;1.6;;17.0;9.6;9.7;"https://cf.bstatic.com/xdata/images/hotel/square600/318256502.jpg?k=76fec4e1b1d766dd8cb448f1c7b07e14dae060c8085d81c1f73b7c904c901edb&amp;o=";3570.0
109;Apartment Lepanto;;1.6;0.35;28.0;8.0;;"https://cf.bstatic.com/xdata/images/hotel/square600/152869272.jpg?k=d93f9186b91a2c3609b9f1490c2e9807348fc8b177a2342c8f5040464cf0ad9b&amp;o=";1305.0
110;Apartamentos Torre Yago;;1.6;;321.0;8.1;;"https://cf.bstatic.com/xdata/images/hotel/square600/14950986.jpg?k=9f4bfdbe2ae5ee0aebeb9da6241af2fd9e357453ea054581bf4ac4b2e6abce83&amp;o=";2786.0
111;Carabelas I 10-6;;2.3;;30.0;6.9;;"https://cf.bstatic.com/xdata/images/hotel/square600/152885469.jpg?k=ecbb5b229b9a276a898e5df4f81d1b0fbf37f800469d8784b2c53907d0ccc8f6&amp;o=";1633.0
112;Carabelas II 6-2;;2.3;;31.0;8.3;8.1;"https://cf.bstatic.com/xdata/images/hotel/square600/152885043.jpg?k=55c96f39f5c4879a7882b6ac1c841672b5d5dc439737a1420758a48a8ddc15b1&amp;o=";1421.0
113;Torre Yago Avenida Madrid & Philipines;4.0;1.6;;18.0;6.5;;"https://cf.bstatic.com/xdata/images/hotel/square600/265190366.jpg?k=3990aec658fab98d33231500bb0d48e9150a90aa8b6bcfcc3e8ab2b7c56e7ae4&amp;o=";4533.0
114;Seafront Luxury Levante Beach / Primera línea playa levante;;1.2;;7.0;9.3;8.6;"https://cf.bstatic.com/xdata/images/hotel/square600/301158955.jpg?k=7c19d03c9fc91b1a20b4a87f1e897634cf67f71c375998222813a72bab2deb55&amp;o=";2352.0
115;Una Villa que mira el mediterraneo;;3.2;0.6;18.0;8.4;8.1;"https://cf.bstatic.com/xdata/images/hotel/square600/270445186.jpg?k=aebcb837ea927cb62109cc365a397cf7aa2214f08479affaed42c5a98913c13a&amp;o=";13028.0
116;Complejo Belroy 4* Sup;4.0;1.0;0.15;1330.0;8.5;8.7;"https://cf.bstatic.com/xdata/images/hotel/square600/103727075.jpg?k=a2f15918e67c26586a895c8317f89fb345f738ccb44d50213590139575c22b80&amp;o=";2293.0
117;Gemelos 2 18-E;;1.3;0.45;4.0;7.8;;"https://cf.bstatic.com/xdata/images/hotel/square600/305706254.jpg?k=2c1c746dbe231e9adb2577a66a041bf4e81c1ba4972ab5b67c2e6f07f70461cc&amp;o=";1164.0
118;Europa Center 12-B;;2.4;0.3;37.0;7.7;;"https://cf.bstatic.com/xdata/images/hotel/square600/152885072.jpg?k=3073bfbaad1efbbf031e89e17968b796983eb6c17c05df9d53e3f1dfc659b8c8&amp;o=";1563.0
119;Coblanca 7-113;;2.0;0.1;11.0;9.4;9.8;"https://cf.bstatic.com/xdata/images/hotel/square600/299199313.jpg?k=a51454b7f6eadcc7a6bb3795e3e042e83e7381b54fa09b0c60f5cc2764413383&amp;o=";2364.0
120;aire de pino;;2.8;0.15;6.0;6.7;8.3;"https://cf.bstatic.com/xdata/images/hotel/square600/319349779.jpg?k=0932b8ccd95e64944c5e55d37474cf01cc2f64b112cc508b9335d2ae30f8307a&amp;o=";966000.0
121;Magic Villa de Benidorm;3.0;1.8;0.25;520.0;8.3;;"https://cf.bstatic.com/xdata/images/hotel/square600/269245818.jpg?k=e1afaee3a7bac31af6908b9cc3fe52533721bc9b6b58a6743c1b402538e7d1e7&amp;o=";2846.0
122;Cumbre Loix 16-6;;2.8;0.6;19.0;7.0;;"https://cf.bstatic.com/xdata/images/hotel/square600/152883289.jpg?k=2f0200918c89609c0fc266b6bb5d8ef2e09c9716d20358e4508701f46c0bda85&amp;o=";1497.0
123;apartamento playa benidorm, familiar y tranquilo;;1.2;;10.0;9.2;9.8;"https://cf.bstatic.com/xdata/images/hotel/square600/285317320.jpg?k=d0b00085c6c9d557b22f29990eaa1d3616536d489b84a88e6ece541f8a8633d3&amp;o=";3920.0
124;Copacabana 10-B;;1.7;;37.0;9.2;9.5;"https://cf.bstatic.com/xdata/images/hotel/square600/210854447.jpg?k=39a28ff1271932d9e097bd4295ef211fdee84dc552d11e39b7f39b6c653fd56b&amp;o=";3074.0
125;Don Miguel 2-A;;2.2;;7.0;9.7;10.0;"https://cf.bstatic.com/xdata/images/hotel/square600/303545320.jpg?k=94d332aa88ef9c682b0f9ecdf0d59df7e75f16e995c2e7847e4ce0052ae593a3&amp;o=";2874.0
126;Apartamento Santonja a 300 metros de la playa;;0.2;0.25;9.0;9.0;9.2;"https://cf.bstatic.com/xdata/images/hotel/square600/271507378.jpg?k=74615da08c7cce7a0479bc9a1893bab76ba1b714986230945e8cfada1c9e7b47&amp;o=";1820.0
127;Torre Maestral;;4.2;;12.0;7.8;;"https://cf.bstatic.com/xdata/images/hotel/square600/96975280.jpg?k=c8e3acd841b7f3afae55df86e0512d28f3fad48fd6ca32ebddcd31f42fe01d43&amp;o=";1680.0
128;Las Palmeras 10A;;0.9;;142.0;9.2;9.1;"https://cf.bstatic.com/xdata/images/hotel/square600/152569611.jpg?k=f9c372c7de1e67cfc98e9e48d08666a665103deaa96f5845e3c76f873e30809e&amp;o=";3209.0
129;Hotel Avenida;4.0;0.4;0.15;116.0;7.9;8.0;"https://cf.bstatic.com/xdata/images/hotel/square600/63646484.jpg?k=8f4fa64515495fa927dc3a8fd37460681485852ef594dfd3842041b9c4cad9e7&amp;o=";2370.0
130;Apartments Benidorm classy;;1.1;1.1;27.0;8.0;8.5;"https://cf.bstatic.com/xdata/images/hotel/square600/236737754.jpg?k=a3a284641215116534315495e779b861812c93a1dd377bd1bd9b088f2cd9da0b&amp;o=";2145.0
131;Auge 4-A;;2.6;0.45;9.0;7.4;;"https://cf.bstatic.com/xdata/images/hotel/square600/260593993.jpg?k=1e7bd3575162c897b1ee5a5683c07fd7d72cd54477fbe249d898db355369af0a&amp;o=";1351.0
132;Santa Margarita 14-C;;1.5;;18.0;8.8;9.2;"https://cf.bstatic.com/xdata/images/hotel/square600/246670833.jpg?k=c7e0504e003c492d34cb7556a8774a8ae41d575fac78e20bdd5bd2ca9a197b1a&amp;o=";2354.0
133;GEMELOS 26 - FINCAS BENIDORM;;1.7;0.6;52.0;8.6;8.8;"https://cf.bstatic.com/xdata/images/hotel/square600/311453130.jpg?k=30bb65cf770cb09911765b64566907a88905eaa3885a6fd97e76a02446ed512a&amp;o=";2137.0
134;Hotel Servigroup Pueblo Benidorm;3.0;1.6;0.5;358.0;8.4;8.2;"https://cf.bstatic.com/xdata/images/hotel/square600/15825597.jpg?k=1197bddbd18373233dfe04077a07b7ecfe9c23b8a23c564beee81d2e2af21898&amp;o=";1862.0
135;Roymar playa Benidorm;;0.9;0.3;26.0;9.3;9.1;"https://cf.bstatic.com/xdata/images/hotel/square600/287697703.jpg?k=d81b2bb44e481f7d78dfebd7aadbee5682102f01caa6fc04e8f9d3ce7356e846&amp;o=";1812.0
136;Apartamento Mar y Sol REFORMADO;;2.8;;27.0;8.1;8.0;"https://cf.bstatic.com/xdata/images/hotel/square600/248299793.jpg?k=9dc9c65396f02975da304e3334b504861be8d14ccca20d879409115f65e328ab&amp;o=";1610.0
137;Pierre & Vacances Benidorm Levante;2.0;1.3;;910.0;7.1;;"https://cf.bstatic.com/xdata/images/hotel/square600/135737630.jpg?k=8e36d29b66f2b6e2d29d4833c48aeb8ca1abaee30bf9567034fb8d64ef52a9bb&amp;o=";2341.0
138;Ed l' alcudia;;0.2;;19.0;8.8;8.9;"https://cf.bstatic.com/xdata/images/hotel/square600/118087297.jpg?k=61d8117da8f306e4ee23939932f9a40f5cbfd8c32134abacf50bca306399572b&amp;o=";1291.0
139;Hotel Servigroup Torre Dorada;3.0;2.6;0.15;597.0;8.4;8.5;"https://cf.bstatic.com/xdata/images/hotel/square600/51898985.jpg?k=592dcf3440dbd6490489c3abf3a974333cc0c4e320c99fadf6f1a89b0af95c5f&amp;o=";1798.0
140;Hotel Servigroup Nereo;4.0;2.2;0.3;68.0;8.6;8.8;"https://cf.bstatic.com/xdata/images/hotel/square600/63965663.jpg?k=cce8a6e436c7ee478f1541435c5a50a21f9ac7f556f4aaf460d082dd7a5ef110&amp;o=";1960.0
141;Apartamentos Moby Dick by WT;;1.4;0.7;86.0;7.7;8.0;"https://cf.bstatic.com/xdata/images/hotel/square600/215033745.jpg?k=c79d2efde118ef81a9c67d9d88c4751e160a7f3bea656e6a3bf9ae77b6caeaa2&amp;o=";1651.0
142;Hotel Servigroup Diplomatic;4.0;0.9;0.25;353.0;8.5;8.9;"https://cf.bstatic.com/xdata/images/hotel/square600/314219935.jpg?k=1be299fd1b06a3399900552d3b5ffeb1d1e6d40f2f60fe8080e6df7125066954&amp;o=";2195.0
143;Gemelos 2 - Beninter;;1.2;0.5;436.0;8.1;;"https://cf.bstatic.com/xdata/images/hotel/square600/107598648.jpg?k=c8d9de97231ac0e367435a379f21fb3817ce6618d28914e8084aa7fb9de681e6&amp;o=";1414.0
144;RESIDENCIA TORRE D OBOE;;1.4;0.75;14.0;8.8;8.0;"https://cf.bstatic.com/xdata/images/hotel/square600/265249895.jpg?k=2ee3abc06a7625cf914acd07a9ecdc382c13ecc46b41763ff90cc807a1310749&amp;o=";1260.0
145;Cosy apartment 5 min from the beach , sea view;;2.8;0.95;5.0;8.6;9.0;"https://cf.bstatic.com/xdata/images/hotel/square600/305564166.jpg?k=512465a39488129d2af217ead3eb79dc1df163c5be6f96f8aca02ab312166bb2&amp;o=";1247.0
146;Hotel Servigroup Rialto;3.0;2.4;0.35;51.0;9.0;8.9;"https://cf.bstatic.com/xdata/images/hotel/square600/252424540.jpg?k=6778acf585e82ca987d10521c3f94ee655e8c1ac2e32156dfd20d51caae7aa0b&amp;o=";1762.0
147;Hotel Servigroup Orange;3.0;1.5;0.4;121.0;8.6;8.4;"https://cf.bstatic.com/xdata/images/hotel/square600/314236121.jpg?k=7d421bf61978762499915f96e61ff90cbd85464199a6e5f65f28d7ee1b74603e&amp;o=";1960.0
148;Lux Mar Benidorm;;2.3;0.7;299.0;8.5;8.5;"https://cf.bstatic.com/xdata/images/hotel/square600/195964116.jpg?k=9ed1eb787f38b1ca673b7b1a065020bf08864b7e2d3ab9ea364e197a1af67933&amp;o=";1960.0
149;Albatros 12-8;;2.2;0.2;27.0;8.0;;"https://cf.bstatic.com/xdata/images/hotel/square600/184678342.jpg?k=4ac6912ea102963b11c82c02c2008e3ece04465a42f28efb05d5788cad88fe7b&amp;o=";1421.0
150;Apartment Turia Playa;3.0;1.9;;13.0;7.0;;"https://cf.bstatic.com/xdata/images/hotel/square600/243105184.jpg?k=230653ed62fed27a1d112a6a56ac235449445407aa960f879a0e45c6f7ff2464&amp;o=";1296.0
151;Santa Faz 21 Old Town;;0.2;0.1;6.0;8.0;8.3;"https://cf.bstatic.com/xdata/images/hotel/square600/303119112.jpg?k=b574fa73e1c8143cc458f1caac2b09bae70d06e268cc1e238ab23b7fc25e92a3&amp;o=";1404.0
152;Gemelos 22 - Fincas Benidorm;;2.3;0.6;253.0;6.8;;"https://cf.bstatic.com/xdata/images/hotel/square600/6855914.jpg?k=bf3c997fe0d59000cf138eed1acb8e17d3fda1eea0c31c922b49aa98eea9495c&amp;o=";1806.0
153;Montecarlo street apartment;;2.6;0.7;31.0;7.9;8.1;"https://cf.bstatic.com/xdata/images/hotel/square600/238924917.jpg?k=ecf252093383b7ccbc1e2e094614a8209d858a3ce767424f09ced45a1aa4d820&amp;o=";1150.0
154;Luxury apartment on the 40th floor with amazing views;;2.9;0.7;42.0;9.6;9.9;"https://cf.bstatic.com/xdata/images/hotel/square600/130109424.jpg?k=d4b2ccdbd158d52e09963e7ab75ed2097871a74169749ebae0ff64ffb165841c&amp;o=";1890.0
155;Apartment in Benidorm, newly renovated.;;1.1;1.0;4.0;8.8;9.2;"https://cf.bstatic.com/xdata/images/hotel/square600/314170000.jpg?k=674e2a7e5c0f83f958f363fc4bb14f2b8e2df65d79f2878f10c819152f0d959a&amp;o=";1360.0
156;Hotel Servigroup Calypso;3.0;1.9;0.3;77.0;8.9;8.9;"https://cf.bstatic.com/xdata/images/hotel/square600/318707745.jpg?k=5d26ba956247ca60985d460b3ebf58c6c9af1145ebb18d7fea14f52ab6d37c99&amp;o=";1980.0
157;Coblanca 5 83;;2.3;0.2;36.0;7.3;;"https://cf.bstatic.com/xdata/images/hotel/square600/152870722.jpg?k=23c1d29762825913558c2f6dde26fc1c05adcaeee8a2cbacc9b62acc33832bc0&amp;o=";1492.0
158;Luxury Design Apartment on the 41st Floor - Breathtaking Views;;2.9;0.7;;;;"https://cf.bstatic.com/xdata/images/hotel/square600/272892307.jpg?k=13848298ce7cfdd72fe71419c3ffc62832e169e82f37ba02287e60595257e62c&amp;o=";1890.0
159;Apartamento con Preciosas vistas para 4 personas;;2.3;;13.0;8.9;9.2;"https://cf.bstatic.com/xdata/images/hotel/square600/273935364.jpg?k=a3a5c75296dcb32c324f4fd6f780ff5eeb21007b523d356171fa330b3bdc52e8&amp;o=";1700.0
160;Hotel Servigroup Torre Dorada;3.0;2.6;0.15;597.0;8.4;8.5;"https://cf.bstatic.com/xdata/images/hotel/square600/51898985.jpg?k=592dcf3440dbd6490489c3abf3a974333cc0c4e320c99fadf6f1a89b0af95c5f&amp;o=";1798.0
161;Loft panorámico;;2.7;0.7;;;;"https://cf.bstatic.com/xdata/images/hotel/square600/310229362.jpg?k=dd72c0e4944963631530c3757cbdfcd01389c442bb9e79535592d41f9801b3db&amp;o=";1218.0
162;Gemelos 15 - Gestaltur;;2.9;1.2;3.0;8.7;8.3;"https://cf.bstatic.com/xdata/images/hotel/square600/301746479.jpg?k=e20c621001d8a49b5f1a2b7d40e8cd33c09d00c6d63f644b438a381af9a54323&amp;o=";1918.0
163;Apartamento Playa Levante;;2.6;0.7;69.0;7.8;;"https://cf.bstatic.com/xdata/images/hotel/square600/208278928.jpg?k=5c63c2b9f5dedba836592a41dece49e06492baf9ef12bfb11be017ebc7710f02&amp;o=";1764.0
164;Apartamentos Amalia By Mc;;1.1;0.6;484.0;8.7;8.5;"https://cf.bstatic.com/xdata/images/hotel/square600/49488223.jpg?k=89fe6d5c4816ff79d57fcada610623b7c55ce2e008fcb03f1ba90ba9000722bc&amp;o=";1386.0
165;Los Pinos;;0.8;0.25;32.0;8.4;8.2;"https://cf.bstatic.com/xdata/images/hotel/square600/152876245.jpg?k=1eaefa54482e54a36ce644f42927dbea240a8990784e48815729a45a27cc0d84&amp;o=";2359.0
166;Rincon playa levante;;2.6;0.45;16.0;8.5;9.2;"https://cf.bstatic.com/xdata/images/hotel/square600/258934838.jpg?k=dc0ed069486dc0b34470bd38930840099bc4c8dff88e610126ae6b73082921e7&amp;o=";1730.0
167;Luxury Design Apartment on the 41st Floor - Breathtaking Views;;2.9;0.7;;;;"https://cf.bstatic.com/xdata/images/hotel/square600/272892307.jpg?k=13848298ce7cfdd72fe71419c3ffc62832e169e82f37ba02287e60595257e62c&amp;o=";1890.0
168;PLAYA PONIENTE, COBLANCA XVI (A 200m DE LA PLAYA);;2.8;;25.0;9.7;9.8;"https://cf.bstatic.com/xdata/images/hotel/square600/256816683.jpg?k=60ab42280fe6be7ac105e25ff4ddd420a35776535a2697176cdb1e6b71bbbfa8&amp;o=";2200.0
169;Breathtaking View 2-bedroom apartment;;2.9;0.75;4.0;9.2;8.8;"https://cf.bstatic.com/xdata/images/hotel/square600/273803369.jpg?k=27d7aff1464bdc06c5bf83dba14068d4f08053a1cdf5cbc5ccc81eda5a97127b&amp;o=";2520.0
170;Apartamentos La Rosita;;0.1;0.15;662.0;8.4;8.5;"https://cf.bstatic.com/xdata/images/hotel/square600/59600010.jpg?k=17e2783199c4fa9e67f7ae484e991365828aeb548e1c2753011fe0e9dd13faff&amp;o=";1710.0
171;Apartamento Relax en Benidorm (Rincón de Loix);;2.7;0.7;;;;"https://cf.bstatic.com/xdata/images/hotel/square600/316152538.jpg?k=30c7dcf0ccb458a8758206822309a75f40d891216f563ba8b6e49979b80bf75e&amp;o=";1898.0
172;Carabelas III 1-3;;2.3;;26.0;7.1;;"https://cf.bstatic.com/xdata/images/hotel/square600/152882334.jpg?k=73d2a66172e2fff94cecc584076a5ef57e4f198030a006cb6c9d0a0be4c4b3a9&amp;o=";1633.0
173;Beachfront apartment in Poniente;;1.1;;3.0;9.0;9.2;"https://cf.bstatic.com/xdata/images/hotel/square600/276695630.jpg?k=ddb04afd03ec5b53a1fa2b044b431fa0f0e13ea1d566303b1555e6f3c92bbac4&amp;o=";2150.0
174;Piscis 12-2;;2.3;0.4;4.0;8.5;8.8;"https://cf.bstatic.com/xdata/images/hotel/square600/311364504.jpg?k=311b8f56b288cad27e003678727229e9ac6f5fce9fd6c0ae5ea9f8a14ecf1336&amp;o=";1280.0
175;Mirador Mediterráneo 15-F;;2.6;0.45;5.0;7.2;8.5;"https://cf.bstatic.com/xdata/images/hotel/square600/224360644.jpg?k=040a76803e2ca52aa75c2dbd5d4d216a1a9d5df76c8ff713be4aaebb67889e8b&amp;o=";1779.0
176;la siesta 23D;;2.6;;3.0;8.3;9.2;"https://cf.bstatic.com/xdata/images/hotel/square600/303888203.jpg?k=fdc0847a9565ac1e3bad90516dad53bf414403fab1579c253a5101f1db25d457&amp;o=";1220.0
177;Los Gemelos 21-B;;1.3;;27.0;8.5;8.3;"https://cf.bstatic.com/xdata/images/hotel/square600/241365757.jpg?k=145bb02c041c5ce36990dec4605d9f288e8bd6d6a1ad1ceb3dec6916cde83e43&amp;o=";3824.0
178;Albatros 13-1;;2.2;0.2;18.0;8.3;8.8;"https://cf.bstatic.com/xdata/images/hotel/square600/273862024.jpg?k=3b1c318c178d78c55b5fa3230a0fb1865fa99b4b2a7621573d2c36e241427128&amp;o=";1779.0
179;Casa Vega;;2.6;0.4;33.0;8.3;8.1;"https://cf.bstatic.com/xdata/images/hotel/square600/130306937.jpg?k=d80e35607183dd39914acf41e2174b69894ace4d1a7b4aea1f500347216129a0&amp;o=";1928.0
180;Hotel Rosamar;3.0;1.9;0.35;288.0;7.3;;"https://cf.bstatic.com/xdata/images/hotel/square600/107574268.jpg?k=5ae6f3dd457e1a2baa3276c8c47239824df7de38b3e9eed60f7c179415bd02b2&amp;o=";3210.0
181;Apartamento Giner, muy centrico, soleado, en pleno casco historico, frente la playa de levante, a unos pasos, con vistas al mar;;0.3;;8.0;8.8;8.8;"https://cf.bstatic.com/xdata/images/hotel/square600/322824711.jpg?k=cca5fe3228e9aa15efbc3c64574ea70dacb1698e5ed785655742b4864520158f&amp;o=";2871.0
182;Breathtaking sea views apartment with private terrace;;2.9;0.7;3.0;9.0;8.3;"https://cf.bstatic.com/xdata/images/hotel/square600/309205973.jpg?k=5b7b55983ccd60e4e12cb2e0777c0ca162df39647271b46a851f68e7cd655186&amp;o=";1820.0
183;Ducado 10-J;;1.8;0.2;33.0;7.7;;"https://cf.bstatic.com/xdata/images/hotel/square600/152870016.jpg?k=e424e3a69a0d3546298a86f07799e23d593eca13e9b45782679f3148b4d09af0&amp;o=";1779.0
184;Penthouse El Pato 872;;1.8;;5.0;8.6;8.0;"https://cf.bstatic.com/xdata/images/hotel/square600/306691633.jpg?k=2c184ade85d0fd3dcce54a456e8df2c265a178ce8918e81a55d67ce3018447d7&amp;o=";2364.0
185;Apartamento Benidorm Luxury Levante;;2.4;0.45;66.0;8.5;8.5;"https://cf.bstatic.com/xdata/images/hotel/square600/208213321.jpg?k=d9f3780a7aee1a49488f0584e8d04975f38c2fd337d602a5da339dee4f234ef8&amp;o=";1773.0
186;Apto with pool Gemelos IV;;1.4;0.55;6.0;8.3;8.3;"https://cf.bstatic.com/xdata/images/hotel/square600/300241717.jpg?k=7cf6e329c4430227bd26585f05336c2dc26633d9f034111ad89c40b7466fddb8&amp;o=";2160.0
187;Lidersol 11-D;;1.8;0.45;25.0;8.4;8.6;"https://cf.bstatic.com/xdata/images/hotel/square600/154509439.jpg?k=4bbe1f124ccf80349e847f77d1fd91d4e27c7e589219e253afcc6fca5c2a368d&amp;o=";2364.0
188;Picasso - Fincas Benidorm;;2.4;0.3;214.0;7.3;;"https://cf.bstatic.com/xdata/images/hotel/square600/263140749.jpg?k=dc966d8fba8d6b155432e8172d33bee1b857fd4b9ee85d9bb36a12fa0ae40a9e&amp;o=";1454.0
189;Carolina 1-C;;1.9;;4.0;9.0;8.8;"https://cf.bstatic.com/xdata/images/hotel/square600/292971052.jpg?k=7bbc7db2f36f9d67841f230f9ad44b22c41b050848641f671e415a1936a6d9d7&amp;o=";2276.0
190;Piscis 16-7;;2.3;0.4;11.0;8.8;8.2;"https://cf.bstatic.com/xdata/images/hotel/square600/201312400.jpg?k=01862b530bcbee6ac300e3d2ba28c8a38223a27a5e3a0cd4860d1b33cf0d1cda&amp;o=";1492.0
191;Benidorm Celebrations Music Resort;3.0;2.5;0.4;197.0;8.0;;"https://cf.bstatic.com/xdata/images/hotel/square600/100610080.jpg?k=df4a9c1d961d10ec2ca955be124d21e4eb572fd2a6f066f10b8be3992101c729&amp;o=";1576.0
192;Los Caballos;;1.3;;20.0;8.9;8.6;"https://cf.bstatic.com/xdata/images/hotel/square600/90627508.jpg?k=4e9b1a8083e1e0da9df82fe983f608b4d478adadc18ef82c72bd1c9a011ae2c4&amp;o=";2156.0
193;Carlos V 2-A;;1.6;0.2;18.0;8.9;9.0;"https://cf.bstatic.com/xdata/images/hotel/square600/201127842.jpg?k=4dc551adad515086b95b48e7000cca1fd47e27a29676570bbc7cc7358be06324&amp;o=";2402.0
194;Hotel Servigroup Diplomatic;4.0;0.9;0.25;353.0;8.5;8.9;"https://cf.bstatic.com/xdata/images/hotel/square600/314219935.jpg?k=1be299fd1b06a3399900552d3b5ffeb1d1e6d40f2f60fe8080e6df7125066954&amp;o=";2195.0
195;GEMELOS 26 APARTMENTS - Benidormland;;1.8;0.4;283.0;9.3;9.2;"https://cf.bstatic.com/xdata/images/hotel/square600/126794462.jpg?k=e7aa1654af81bdad26b256deed779c4a0976c1f68767328da2625840b5e541a3&amp;o=";2240.0
196;New Luxury Apartment near Beach with Panoramic Sea-view;;2.6;0.4;3.0;10.0;10.0;"https://cf.bstatic.com/xdata/images/hotel/square600/323087476.jpg?k=6bbeab8c5abcd0ae89d1595352ffe5590465da6a8f53246b6fe39efefc30e0a4&amp;o=";2009.9999999999998
197;Almadraba;;2.2;;25.0;7.4;;"https://cf.bstatic.com/xdata/images/hotel/square600/152871824.jpg?k=cf447be3ea4d34beb99efedb5d8a93453171562ab940176de147e9d22878bd07&amp;o=";2579.0
198;Rocio Poniente Beach 1-A;;0.7;0.55;3.0;9.7;10.0;"https://cf.bstatic.com/xdata/images/hotel/square600/311711429.jpg?k=d451c0842105f8456000840da8504998223dc433ad8fa2fe7cc49997968a5797&amp;o=";1658.0
199;Cadiz 4-B;;2.6;0.55;15.0;6.2;;"https://cf.bstatic.com/xdata/images/hotel/square600/152879219.jpg?k=969f839cccc9fdb8c9c80d1808297ad722b09ad49a81bd56ae69fbbca8adc32f&amp;o=";1421.0
200;LEVANTE beach apartments;;1.6;0.4;;;;"https://cf.bstatic.com/xdata/images/hotel/square600/315707120.jpg?k=07620be70ff5a1145ccaa2f2f5724c40dfbf3be59ccee5ebadb3739f232990f0&amp;o=";1878.0
201;ANNA AMBASSADOR Levante Beach;;1.9;;7.0;7.9;;"https://cf.bstatic.com/xdata/images/hotel/square600/227500240.jpg?k=628202b768daa5a8dde5c39991bd1b0e78ad0c819ee0a81688f9dfcc9b350742&amp;o=";2165.0
202;Two bedroom apartment with sea views - Floor 33;;2.9;0.8;4.0;9.7;9.4;"https://cf.bstatic.com/xdata/images/hotel/square600/270319284.jpg?k=25b77f8c27aed0b3e07cb7e6cab73aad67a0a01e7d84f4e41994d76c72c08f34&amp;o=";2240.0
203;Gemelos 22 - Fincas Benidorm;;2.3;0.6;253.0;6.8;;"https://cf.bstatic.com/xdata/images/hotel/square600/6855914.jpg?k=bf3c997fe0d59000cf138eed1acb8e17d3fda1eea0c31c922b49aa98eea9495c&amp;o=";1806.0
204;Hotel Servigroup Orange;3.0;1.5;0.4;121.0;8.6;8.4;"https://cf.bstatic.com/xdata/images/hotel/square600/314236121.jpg?k=7d421bf61978762499915f96e61ff90cbd85464199a6e5f65f28d7ee1b74603e&amp;o=";1960.0
205;Skyscraper apartment with panoramic views - floor 38;;2.9;0.7;4.0;9.5;10.0;"https://cf.bstatic.com/xdata/images/hotel/square600/277364997.jpg?k=c9895a6b0e2962a08af1b6aa8ad0431245cfd92b12a46198c7a434d4734dc1fb&amp;o=";2310.0
206;Apartment near beach - Niza 2B;;1.3;0.25;4.0;8.3;;"https://cf.bstatic.com/xdata/images/hotel/square600/224873984.jpg?k=39e93a891b085df724db96b9c1e5d74e9731abe76e82c6941ec81352342c9a42&amp;o=";2265.0
207;Paula's Apartment Benidorm;;1.7;0.3;10.0;5.1;;"https://cf.bstatic.com/xdata/images/hotel/square600/286832923.jpg?k=b5c51c97c0624b471a56b1f1c0c698d6d2c83c42e83fc0435aa3a81a2500025c&amp;o=";1990.0
208;Apartamento con piscina y garaje -Playa a 10 min;;2.6;0.5;;;;"https://cf.bstatic.com/xdata/images/hotel/square600/315540192.jpg?k=5eac25d7eb4f75c7c0a675a3f2471d4e1a1c83ddf6cc94483bf8ec6bf30bc65a&amp;o=";1946.0
209;Primera línea Playa de Levante;;1.9;;5.0;8.8;8.5;"https://cf.bstatic.com/xdata/images/hotel/square600/311496095.jpg?k=ff0608027dba46eef588398b0df76518304f5188a2b079b670eb46d872013ddb&amp;o=";2100.0
210;Alameda Beach I;;0.2;0.15;11.0;7.8;8.2;"https://cf.bstatic.com/xdata/images/hotel/square600/301290967.jpg?k=bf1b53a2fb3fcd42a21ea0f500badd9a782d02fd107650fd81f8dedfe5c54a8e&amp;o=";2820.0
211;SAN ANGELO Levante beach apartments;;2.3;0.45;23.0;8.1;8.6;"https://cf.bstatic.com/xdata/images/hotel/square600/275185341.jpg?k=d640053fbdbb16187468a87a8ea0e334996c4530014fb6c033918d60da9f4b98&amp;o=";2396.0
212;Alameda Beach II;;0.2;0.15;20.0;7.6;8.0;"https://cf.bstatic.com/xdata/images/hotel/square600/301294018.jpg?k=d41cb7c59d6ad04dce4ebb6a8251bf8160bb84fbc88a10a2bca4d2ce46e2cc95&amp;o=";2400.0
213;Apartamento Puig Campana;;2.8;0.15;4.0;10.0;;"https://cf.bstatic.com/xdata/images/hotel/square600/296391258.jpg?k=31abfe3b5baccd5d19b7b25e8deb7ac718ce23306e83c610b39e010b78ea800d&amp;o=";1295.0
214;Apartment La Goleta;3.0;1.7;;16.0;8.6;8.2;"https://cf.bstatic.com/xdata/images/hotel/square600/249144446.jpg?k=051f8599a2f8d3fce430aae3cb67d427ca9a58357a9003f7628c3ba4e082404d&amp;o=";2449.0
215;Provima Anis;;1.4;0.35;130.0;9.0;9.2;"https://cf.bstatic.com/xdata/images/hotel/square600/154990496.jpg?k=dad1cf9f97e28cbc6b3e2a16c28a32dc7912615ae47b94eeff9b9eb54137fec2&amp;o=";2246.0
216;Torre Lugano N31;;2.9;0.75;48.0;9.4;9.3;"https://cf.bstatic.com/xdata/images/hotel/square600/203074797.jpg?k=ae7479b35c1b335080f5dd561da1bc3c3dda54b5cecd7f8ae81ae4538172c997&amp;o=";2425.0
217;Mariscal 5-Fincas Benidorm;;1.6;0.65;7.0;5.4;;"https://cf.bstatic.com/xdata/images/hotel/square600/316750464.jpg?k=98632447c3dac7ed1c949b2f6cc3d729ff3c73771fd54fd64226748096d79947&amp;o=";1467.0
218;Benidorm Celebrations Music Resort;3.0;2.5;0.4;197.0;8.0;;"https://cf.bstatic.com/xdata/images/hotel/square600/100610080.jpg?k=df4a9c1d961d10ec2ca955be124d21e4eb572fd2a6f066f10b8be3992101c729&amp;o=";1576.0
219;La Oca Levante Beach;;1.4;0.2;24.0;9.2;9.5;"https://cf.bstatic.com/xdata/images/hotel/square600/239936829.jpg?k=0ed79225c169147d4c38db9c9028fccbbdcd6d4ef9aed6cd8784d72c05c8f822&amp;o=";2336.0
220;Hotel Servigroup Castilla;4.0;1.3;0.6;29.0;8.9;9.0;"https://cf.bstatic.com/xdata/images/hotel/square600/314216064.jpg?k=20b91f06075557b798861b47d334ef5510144f22f062b5dbf49ffc2c83ee2ca1&amp;o=";1960.0
221;Hotel Servigroup Venus;3.0;1.6;0.45;54.0;9.0;9.1;"https://cf.bstatic.com/xdata/images/hotel/square600/16527028.jpg?k=935a7f6b88c3ffaec986166aefced3cffdd83acff043b9fcf9db33240cf82ee0&amp;o=";2070.0
222;Sunset Drive Vistas Magicas;;1.9;;37.0;9.5;9.6;"https://cf.bstatic.com/xdata/images/hotel/square600/154116050.jpg?k=0af87398bba21c09b8e99dc03dfa38fe7b35a85d22aa343352d66ddbf01855c5&amp;o=";3751.0
223;SONYA Anis Casco Antiguo;;0.1;0.1;94.0;8.6;8.2;"https://cf.bstatic.com/xdata/images/hotel/square600/151791221.jpg?k=6eb3f8a167bc6d0c53425049bcd0a3d41d01cb50950e85a1ae8826afdce68c8d&amp;o=";2259.0
224;Almadraba;;2.2;;25.0;7.4;;"https://cf.bstatic.com/xdata/images/hotel/square600/152871824.jpg?k=cf447be3ea4d34beb99efedb5d8a93453171562ab940176de147e9d22878bd07&amp;o=";2579.0
225;Playa de Levante Sea View Apartment;;1.7;;5.0;9.1;9.5;"https://cf.bstatic.com/xdata/images/hotel/square600/241384004.jpg?k=234cf024605c5519117ffec3f23cd7cedf4dee99a88c688a3b0505f388b8d306&amp;o=";3382.0
226;Apartamento Vintage Benidorm;;1.3;0.15;23.0;8.2;8.2;"https://cf.bstatic.com/xdata/images/hotel/square600/139566025.jpg?k=5697db98bdf37c0ec4dc772493045df8e91f8811ba9f3ecab6a3724e7dcecbec&amp;o=";4840.0
227;Apartamento Alteanos, centrico y confortable, soleado, con piscina y jardines, tenis, parking exterior comunitario, y la playa andando 10 min;;0.8;0.55;5.0;8.4;9.0;"https://cf.bstatic.com/xdata/images/hotel/square600/303411608.jpg?k=68b7442168f228d7f960452704da9f1db454d4c5c1187fd4aa97da641882199e&amp;o=";2683.0
228;Torres Gardens - Fincas Benidorm;;2.5;0.35;121.0;6.2;;"https://cf.bstatic.com/xdata/images/hotel/square600/7836392.jpg?k=5e37cee0bd96ca677f8a6f607f438bfc122c94dc38c6ab0b19a7c504e071674a&amp;o=";1624.0
229;My Sweet Santorini;;2.0;0.25;3.0;8.7;9.2;"https://cf.bstatic.com/xdata/images/hotel/square600/308727185.jpg?k=d9135de371625641554a8744cc227dd660760efc1cd2bb5cf15792a10ff86240&amp;o=";5660.0
230;SUNSET DRIVE SEPTIMO CIELO;;1.9;;18.0;9.3;9.7;"https://cf.bstatic.com/xdata/images/hotel/square600/172068182.jpg?k=00e5b756294c68b57114c6c15d4e875473179aeb5764cc48b2dc448f746bcb7f&amp;o=";3791.0
231;Sunset Drive Paradise - Benidorm;;2.0;0.15;9.0;9.7;10.0;"https://cf.bstatic.com/xdata/images/hotel/square600/203589722.jpg?k=9f89d8ec5211fd43e36ea31d05f882612826ae1faebd48600edb23d49b7c44c5&amp;o=";3986.0
232;Gemelos 2 Holiday apts. with pool;;1.3;0.4;21.0;8.5;8.3;"https://cf.bstatic.com/xdata/images/hotel/square600/270691888.jpg?k=5ea4ca10cb32ba987326e7bf2e94446cf5baa53dfeedb4757c9330ee4df2375d&amp;o=";2348.0
233;Don Miguel 1 - Arca Rent;;2.3;;34.0;7.5;;"https://cf.bstatic.com/xdata/images/hotel/square600/112288334.jpg?k=62a2267296f2e07638000ab466d5d48ed0cdce0cfd4b3aaf1ec36e0dac533721&amp;o=";1624.0
234;Marconi Anis Primera Linea;;0.4;;48.0;8.9;8.9;"https://cf.bstatic.com/xdata/images/hotel/square600/214352294.jpg?k=39b3bf4ce3396e5ad41bdab15322dc7217faaa7afd31450c44f5ec8f15066059&amp;o=";2091.0
235;Agustina Seaview in Rincon de Loix -parking, Wi-Fi, pool, new air conditioning;;2.5;;17.0;8.3;8.5;"https://cf.bstatic.com/xdata/images/hotel/square600/310278067.jpg?k=a287e5ed31e369aa736bd07df48b3766e5461dd22cb0b42dc21e5231751429ce&amp;o=";1309.0
236;Beach Levante Premium apartment;;0.3;;;;;"https://cf.bstatic.com/xdata/images/hotel/square600/321710171.jpg?k=9975d6379cb683db6aa438ea3ab6f873096b681d8b7c21cda5e7925cd24adc30&amp;o=";4336.0
237;Sea Dreams House;;2.6;;11.0;8.7;9.1;"https://cf.bstatic.com/xdata/images/hotel/square600/149729478.jpg?k=5388b33ca0cfde99336090a75b212ad091a839f1035f7a53129a09dab78a5c6a&amp;o=";16350.000000000002
238;Sunset Drive 2-47;;1.9;;3.0;8.0;8.3;"https://cf.bstatic.com/xdata/images/hotel/square600/300799486.jpg?k=d58c25c9acf73b874aa96bfe62f0f5ed28e4a6fa60d4991594d48944161ddaae&amp;o=";4094.0000000000005
239;BE LUXURY APARTMENT 20 MTS FROM THE BEACH;;0.6;;7.0;9.6;9.3;"https://cf.bstatic.com/xdata/images/hotel/square600/247558984.jpg?k=b89aa251d136bae50bb433c1a879c84c66e7e942b51551524f6f7ee22c22a510&amp;o=";6735.0
240;Residencial Cumbre Loix Apartamentos;;2.9;0.65;28.0;8.8;9.3;"https://cf.bstatic.com/xdata/images/hotel/square600/143945276.jpg?k=c63486fdea1104bf9a16b0fba79fa28a08ce68db3a8c0e3effb6177bd9ee4f71&amp;o=";2086.0
241;Apartamentos la cala de finestrat;;3.2;0.8;;;;"https://cf.bstatic.com/xdata/images/hotel/square600/321029971.jpg?k=f9ddf32b7ce900f7b27ec16b73a5748db4b5b8cd01e599bbd3f2ab0ad15a45ca&amp;o=";1666.0
242;Levante Flamingo Beach Resort Halcon;;2.3;0.2;;;;"https://cf.bstatic.com/xdata/images/hotel/square600/302963623.jpg?k=d4af0156d51801b56bf82e30911e7f218ac5b9ef97de64976fd45ef7682b58d3&amp;o=";2209.0
243;Apartment with one bedroom in Benidorm with shared pool;;3.6;0.45;;;;"https://cf.bstatic.com/xdata/images/hotel/square600/306252025.jpg?k=c320ace07c56d494458d5f4606cb850cf08f282f6fb8d2fc2a6f9c1577e8b4cc&amp;o=";1779.0
244;ALAMEDA 31 Levante Beach;;0.3;0.05;;;;"https://cf.bstatic.com/xdata/images/hotel/square600/309213037.jpg?k=e3c42c05864dc89ab9dd5bcc37e4dfdf24291a4b203b2a76a84a2f1b9dbaae30&amp;o=";2273.0
245;Apartamento Ducado con vistas al mar;;1.7;;50.0;9.5;9.2;"https://cf.bstatic.com/xdata/images/hotel/square600/108560843.jpg?k=f112760e85ec928777ee875b28d750048fbd1420f5b73058508693e044f74609&amp;o=";1680.0
246;Don Miguel ( Rincon de Loix );;2.3;0.2;;;;"https://cf.bstatic.com/xdata/images/hotel/square600/308810564.jpg?k=94e3fe60d896694b6dee37404e7f5a6bd6c34d9a8b25953d34d1cc132bb30eee&amp;o=";1830.0
247;BE LUXURY APARTMENT 20 MTS FROM THE BEACH;;0.6;;7.0;9.6;9.3;"https://cf.bstatic.com/xdata/images/hotel/square600/247558984.jpg?k=b89aa251d136bae50bb433c1a879c84c66e7e942b51551524f6f7ee22c22a510&amp;o=";6735.0
248;APARTAMENTO ACACIAS 4;;0.7;0.55;;;;"https://cf.bstatic.com/xdata/images/hotel/square600/322705004.jpg?k=493cee909ae26205b9b4341e0468aa4e7401ddb4c8c559270d2c90aa84b87016&amp;o=";1576.0
249;VILLA MARINA;;2.5;0.15;;;;"https://cf.bstatic.com/xdata/images/hotel/square600/318644699.jpg?k=0f8b26295162055b3009cb22f654f2db45320f03b1d74c41362f93c0194ac504&amp;o=";1658.0
250;Benidorm Levante Halcon High Floor;;2.3;0.2;;;;"https://cf.bstatic.com/xdata/images/hotel/square600/308793249.jpg?k=1dfe53de57203da92f98b38567627fd297b69abaa67d1b774d30f8873f73cc79&amp;o=";2461.0
251;Domo Levante;2.0;1.5;0.45;57.0;7.5;;"https://cf.bstatic.com/xdata/images/hotel/square600/147677613.jpg?k=0f88a9831735996ebf642d17daa6917b7641dde1e530a299ae4c41b07e56bce7&amp;o=";1730.0
252;centro beach JAIME 1;;0.4;0.25;;;;"https://cf.bstatic.com/xdata/images/hotel/square600/322933069.jpg?k=314a504662b1926f6d0c35f88d46f404ad07ab9cb5b83b685febfb0005dc24a0&amp;o=";1725.0
253;Pintor Sorolla;;1.2;;39.0;9.2;8.9;"https://cf.bstatic.com/xdata/images/hotel/square600/301267543.jpg?k=a1bd7de872af2d87119968c7b0d249ed5417183ebf59455ba95099d7aa2cbc36&amp;o=";1486.0
254;Apartment with one bedroom in Benidorm with wonderful sea view shared pool enclosed garden 300 m from the beach;;1.8;0.4;;;;"https://cf.bstatic.com/xdata/images/hotel/square600/273442797.jpg?k=949c3a23e261edf9d3bdc03a2c32ed7b41a35399e46ca2c3597bccfc6d40c73a&amp;o=";2401.0
255;Versalles 732;;2.4;0.5;;;;"https://cf.bstatic.com/xdata/images/hotel/square600/320216624.jpg?k=48e560338a1cc94889909f0c07a2c25c7e247372028558efc5b4588361415247&amp;o=";2369.0
256;OLA AZUL COSY APARTMENT;;2.1;0.5;;;;"https://cf.bstatic.com/xdata/images/hotel/square600/312850077.jpg?k=1aa6706c4a43181baa1eb0dc4ea5323d09350ef3e450a9ec0f7d2f2d3783145c&amp;o=";1649.0
257;Benidorm Apts 1ª Linea Playa Levante;;1.8;;;;;"https://cf.bstatic.com/xdata/images/hotel/square600/320986262.jpg?k=35c6bbab6c33218cccac3b8d7a22dd0118fdf16ac6069abb8d9cbfb5ab8f4911&amp;o=";2100.0
258;B - Coblanca 3 Levante Beach Benidorm;;2.0;;;;;"https://cf.bstatic.com/xdata/images/hotel/square600/319678354.jpg?k=68ebcccf4b127803374c8e89ac0e54ba2833318121617c51145ae5232b017b12&amp;o=";1764.0
259;Stafford Ball;;1.1;1.0;;;;"https://cf.bstatic.com/xdata/images/hotel/square600/308489269.jpg?k=e8aa855bde26e4d8ec3d9adc785022a31cf04393e23cd9102565569e02e5b053&amp;o=";3920.0
260;2 Bedroom Townhouse In Beautiful Gated Complex;;2.2;0.65;3.0;7.7;8.3;"https://cf.bstatic.com/xdata/images/hotel/square600/310004282.jpg?k=be950585ebfa66f0762761ce9d77a1615922cf50ca7bbe0a3a3af94c12ae5013&amp;o=";1680.0
261;Agua best view;;2.3;0.2;;;;"https://cf.bstatic.com/xdata/images/hotel/square600/302354210.jpg?k=4ea1e9aa0c96ebe884dcaad2db5a0032a46a5d53666855848892177653c43db4&amp;o=";2341.0
262;Precioso Apartment Lepanto-Levante;;1.7;0.35;69.0;8.5;8.5;"https://cf.bstatic.com/xdata/images/hotel/square600/208265997.jpg?k=7f24b775ff6773ac7e589e8b45e5f09ba7aec251a0bc3a3fdf715db5b950cb7d&amp;o=";1773.0
263;Apartamento En Benidorm;;0.1;0.15;;;;"https://cf.bstatic.com/xdata/images/hotel/square600/132710492.jpg?k=15699620215396fa04494124f56a81aa8aab977f7bff7b74e2ca55ae0cf94cec&amp;o=";2520.0
264;LOS RANCHOS 3.2 Levante Beach;;1.3;0.05;;;;"https://cf.bstatic.com/xdata/images/hotel/square600/320820064.jpg?k=402aa830070890807dd9638e45eb6fed63ed54ed05f70b0fd649851800064f33&amp;o=";1864.0
265;Torre Yago Avenida Madrid BeachFront Spatial;;1.6;0.05;;;;"https://cf.bstatic.com/xdata/images/hotel/square600/309622380.jpg?k=cfd29456694b4ce312b798d5a30806de180da746e84eeb400acd9530e7e6aa33&amp;o=";3043.0
266;Benidorm Levante Luxury;;2.3;0.2;;;;"https://cf.bstatic.com/xdata/images/hotel/square600/302954356.jpg?k=dd812e7f4f573fd2e21f59bb409c26fcfbd41a3b00498d34a28cfe0cf0123b9e&amp;o=";3348.0
267;FIN SEMANA Apts, 4a6 pax 2ªLinea playa, con aire, piscina, garaje;;1.5;;3.0;8.0;8.3;"https://cf.bstatic.com/xdata/images/hotel/square600/310876687.jpg?k=8192a113f303eff884b11c9c76184a68c6a19b6208063e7314e3c3ef0b732297&amp;o=";2100.0
268;Acuarium 3-Fincas Benidorm;;2.1;0.5;16.0;7.2;;"https://cf.bstatic.com/xdata/images/hotel/square600/308815811.jpg?k=13af54bbccd3f25461c5a93592322b54ade4b849bcddf9630baad39c13841ebd&amp;o=";1412.0
269;Ruzafa Rincon Español;;0.3;0.25;103.0;9.5;9.4;"https://cf.bstatic.com/xdata/images/hotel/square600/124300681.jpg?k=c8dfa0b21e047db2c69a8acaf79a76ee56bd67a6deea75d9fb034766d4b21955&amp;o=";2353.0
270;BENIDORM STAR;;2.4;;6.0;6.3;;"https://cf.bstatic.com/xdata/images/hotel/square600/313870389.jpg?k=c38aeb3e55d62407e6184f6df2dc8fbe077afbed94e8f7a4289b6d8f97a8e333&amp;o=";2299.0
271;Las Palmeras 15A;;1.0;;55.0;9.4;9.4;"https://cf.bstatic.com/xdata/images/hotel/square600/254083051.jpg?k=a1d33789a282f794a1c685008ded9b52a8d03b501ebf2fb1c2451f391f5d9196&amp;o=";3311.0
272;apartamento playa sol 1;;1.8;;40.0;8.8;8.6;"https://cf.bstatic.com/xdata/images/hotel/square600/200812075.jpg?k=4d38fbc2f57191f927d390f54fa3478e83e89c96b54627aa5e35075b6c458b53&amp;o=";2268.0
273;GEMELOS IV Loysan apt. with pool;;1.4;0.55;12.0;7.2;;"https://cf.bstatic.com/xdata/images/hotel/square600/246429630.jpg?k=49467f9dd5f67bc0daff4e6ee6e05be95ea520b0b14ecba4fccaad4bab399b43&amp;o=";2037.9999999999998
274;Apartamentos Provima;;1.4;0.3;65.0;9.2;9.2;"https://cf.bstatic.com/xdata/images/hotel/square600/187642865.jpg?k=ec408a07edab78988a2126d15754b4e420dfe2a8cdb0d7ca0f00907455029793&amp;o=";2246.0
275;A929 - El Faro - 2004 Finestrat;;2.2;0.15;;;;"https://cf.bstatic.com/xdata/images/hotel/square600/309837703.jpg?k=b9c5ce011e4b69472252dab32d5c8c1d9a16fb31fa3c5e87e9afd25bae65ba6b&amp;o=";1503.0
276;ANNA SUN holiday apt;;1.9;0.15;20.0;9.2;9.5;"https://cf.bstatic.com/xdata/images/hotel/square600/287957083.jpg?k=3807413c49bbb40cbb4ec8d02da1f9bbd0b212cdc50768d94368b2e6fabf4524&amp;o=";2183.0
277;Ola Azul Rinconada Real Bungalow RR 175;;2.0;0.55;3.0;4.0;;"https://cf.bstatic.com/xdata/images/hotel/square600/306105929.jpg?k=48d6c0142d073c674d2a3dda9eb6b4aab5577312ebc55a99e50de9bb85e4c67b&amp;o=";2070.0
278;APARTAMENTO EN EL CENTRO A UN MINUTO DE LA PLAYA;;0.1;;81.0;9.0;8.9;"https://cf.bstatic.com/xdata/images/hotel/square600/206558763.jpg?k=d50f32fa7f0ff592820854f956b2c367e8995949d093b838c3c3d0033bd2c9c2&amp;o=";1814.0
279;Don Paco 16-B;;2.3;;9.0;9.0;9.4;"https://cf.bstatic.com/xdata/images/hotel/square600/227105331.jpg?k=20e920ee83c59326fbbd9030a1a139092dc29a091ccccb5e3bc8be4d6d10656a&amp;o=";2080.0
280;Bungalow Puig Campana;;2.8;0.15;53.0;9.2;9.5;"https://cf.bstatic.com/xdata/images/hotel/square600/143746458.jpg?k=cf63425f474df82a37003cd631a844f3b733b7d4b1e89b52c02390ab9b4a02af&amp;o=";3550.0
281;Principado Marina II;;1.7;;;;;"https://cf.bstatic.com/xdata/images/hotel/square600/151918166.jpg?k=739bb4b0df1010ccbdcd755df2c7e9a93c7c7f89da71e9aa2b0daa3a34880de0&amp;o=";2106.0
282;Luxury 2 bedroom sea view apartment;;0.6;0.05;16.0;10.0;;"https://cf.bstatic.com/xdata/images/hotel/square600/279212199.jpg?k=e4aa7feb7eb1464acfbb93ffef0fefe67f3c2bbe79e82ac2016586fae86c2c8f&amp;o=";2207.0
283;Apartamento Coblanca 22;;1.1;0.4;11.0;8.7;8.0;"https://cf.bstatic.com/xdata/images/hotel/square600/91093324.jpg?k=586d1f4e0b2a6e69b9796c2168625458314055b36f5dd8e09f7bf65df9b83120&amp;o=";2520.0
284;Precioso apartamento con piscina en Benidorm;;1.1;0.85;;;;"https://cf.bstatic.com/xdata/images/hotel/square600/309907146.jpg?k=4f4e567b2128ae11bc9ad948fef84fad04defb250ee0ff5abefd91f74bc68a8c&amp;o=";1361.0
285;LUXURY front the BEACH;;0.5;;;;;"https://cf.bstatic.com/xdata/images/hotel/square600/271117319.jpg?k=2e295b8899243f07e85eae334f40cb39b1c3aec9a8bd7377e7e6f6f6c7b783fd&amp;o=";2926.0
286;Apartamentos Les Dunes Centro;;0.9;0.4;119.0;9.5;9.6;"https://cf.bstatic.com/xdata/images/hotel/square600/49773875.jpg?k=1849124740f9b8e2452cd57f0d1c3d593bd20a0beccaab794c4983b5f593f16a&amp;o=";2023.0000000000002
287;ALGAR VACACIONES Y RELAX;;2.3;;7.0;9.4;9.6;"https://cf.bstatic.com/xdata/images/hotel/square600/319399130.jpg?k=262d81831a2cad46d4fdecfa324541c9b3f69c9ca12873b58159c71f158f501a&amp;o=";4200.0
288;Villa de Lujo en Benidorm;;3.6;;4.0;9.5;9.4;"https://cf.bstatic.com/xdata/images/hotel/square600/210858774.jpg?k=f2b0beae0dbe94aadb966a9819c3ff843db9897c7fc614aa890d3bd46ed7f464&amp;o=";3570.0
289;IMMA La Cala de Finestrat Benidorm;;3.4;;7.0;9.0;;"https://cf.bstatic.com/xdata/images/hotel/square600/178579107.jpg?k=1ff542493a82eb7b7ccc198644cb5ba68bc0131227ab21031a424047a781b4e5&amp;o=";1954.0
290;Ola Azul Nice Appartment;;2.3;0.75;6.0;6.6;;"https://cf.bstatic.com/xdata/images/hotel/square600/259317247.jpg?k=bcaee59737159f965abfd7a78b3367b3e2147c4cc92f6c9f048fe265dff7b90f&amp;o=";1920.0
291;La Niña -Gestaltur;;1.4;0.55;;;;"https://cf.bstatic.com/xdata/images/hotel/square600/128720737.jpg?k=4bb3cfb34de5765ca4cf1cc1e1ce9fada34310e55abd1a6e67fd934f1a9af95e&amp;o=";1918.0
292;A385 - Madrimar - 2004 Finestrat s.l.;;2.0;;10.0;8.3;8.2;"https://cf.bstatic.com/xdata/images/hotel/square600/290226520.jpg?k=29eba8030eca92aeb757613b5b33939ffc505868e03475e1456307dda1f4225a&amp;o=";1831.0
293;provima mallorca sea view;;1.5;0.3;34.0;8.9;9.0;"https://cf.bstatic.com/xdata/images/hotel/square600/207863503.jpg?k=86e66583ede9503dc2aab6d681d8762b22033d4f504f44cdec5d92aab02bb253&amp;o=";2246.0
294;Acacias IV;;0.7;0.6;16.0;8.0;;"https://cf.bstatic.com/xdata/images/hotel/square600/86701507.jpg?k=243f0da6cca23931965c19644ba14f1ea8bb11c1747094f82033d5fd88078583&amp;o=";2084.0
